<?xml version="1.0" encoding="utf-8" standalone="yes" ?>
<rss version="2.0" xmlns:atom="http://www.w3.org/2005/Atom">
  <channel>
    <title>Raj Kumar Manna on Raj Kumar Manna</title>
    <link>http://rajphys.github.io/index.xml</link>
    <description>Recent content in Raj Kumar Manna on Raj Kumar Manna</description>
    <generator>Hugo -- gohugo.io</generator>
    <language>en-us</language>
    <lastBuildDate>Wed, 20 Apr 2016 00:00:00 +0000</lastBuildDate>
    <atom:link href="/index.xml" rel="self" type="application/rss+xml" />
    
    <item>
      <title>Chemical pumps and flexible sheets spontaneously form self-regulating oscillators in solution</title>
      <link>http://rajphys.github.io/publication1/self-oscillation-sheet/</link>
      <pubDate>Mon, 15 Mar 2021 00:00:00 +0000</pubDate>
      
      <guid>http://rajphys.github.io/publication1/self-oscillation-sheet/</guid>
      <description>&lt;p&gt;#More detail can easily be written here using &lt;em&gt;Markdown&lt;/em&gt; and $\rm \LaTeX$ math code.&lt;/p&gt;
</description>
    </item>
    
    <item>
      <title>Achieving Independent Control over Surface and Bulk Fluid Flows in Microchambers</title>
      <link>http://rajphys.github.io/publication1/independent-control-over-surface-and-bulk-fluid-flows/</link>
      <pubDate>Tue, 02 Feb 2021 00:00:00 +0000</pubDate>
      
      <guid>http://rajphys.github.io/publication1/independent-control-over-surface-and-bulk-fluid-flows/</guid>
      <description>&lt;p&gt;#More detail can easily be written here using &lt;em&gt;Markdown&lt;/em&gt; and $\rm \LaTeX$ math code.&lt;/p&gt;
</description>
    </item>
    
    <item>
      <title>Achieving Independent Control over Surface and Bulk Fluid Flows in Microchambers</title>
      <link>http://rajphys.github.io/research/independent-control-over-surface-and-bulk-fluid-flows/</link>
      <pubDate>Tue, 02 Feb 2021 00:00:00 +0000</pubDate>
      
      <guid>http://rajphys.github.io/research/independent-control-over-surface-and-bulk-fluid-flows/</guid>
      <description>&lt;p&gt;#More detail can easily be written here using &lt;em&gt;Markdown&lt;/em&gt; and $\rm \LaTeX$ math code.&lt;/p&gt;
</description>
    </item>
    
    <item>
      <title>Chemically controlled shape-morphing of elastic sheets</title>
      <link>http://rajphys.github.io/publication1/chemically-controlled-shape-morphing/</link>
      <pubDate>Fri, 26 Jun 2020 00:00:00 +0000</pubDate>
      
      <guid>http://rajphys.github.io/publication1/chemically-controlled-shape-morphing/</guid>
      <description>&lt;p&gt;#More detail can easily be written here using &lt;em&gt;Markdown&lt;/em&gt; and $\rm \LaTeX$ math code.&lt;/p&gt;
</description>
    </item>
    
    <item>
      <title>Chemically controlled shape-morphing of elastic sheets</title>
      <link>http://rajphys.github.io/research/chemically-controlled-shape-morphing/</link>
      <pubDate>Fri, 26 Jun 2020 00:00:00 +0000</pubDate>
      
      <guid>http://rajphys.github.io/research/chemically-controlled-shape-morphing/</guid>
      <description>&lt;p&gt;#More detail can easily be written here using &lt;em&gt;Markdown&lt;/em&gt; and $\rm \LaTeX$ math code.&lt;/p&gt;
</description>
    </item>
    
    <item>
      <title>Modeling the biomimetic self-organization of active objects in fluids</title>
      <link>http://rajphys.github.io/publication1/modeling-biomimetic-self-organization/</link>
      <pubDate>Tue, 22 Oct 2019 00:00:00 +0000</pubDate>
      
      <guid>http://rajphys.github.io/publication1/modeling-biomimetic-self-organization/</guid>
      <description>&lt;p&gt;#More detail can easily be written here using &lt;em&gt;Markdown&lt;/em&gt; and $\rm \LaTeX$ math code.&lt;/p&gt;
</description>
    </item>
    
    <item>
      <title>Light-Induced Convective Segregation of Different Sized Microparticles</title>
      <link>http://rajphys.github.io/publication1/light-induced-convective-segregation/</link>
      <pubDate>Tue, 16 Apr 2019 00:00:00 +0000</pubDate>
      
      <guid>http://rajphys.github.io/publication1/light-induced-convective-segregation/</guid>
      <description>&lt;p&gt;#More detail can easily be written here using &lt;em&gt;Markdown&lt;/em&gt; and $\rm \LaTeX$ math code.&lt;/p&gt;
</description>
    </item>
    
    <item>
      <title>Emergent topological phenomena in active polymeric fluids</title>
      <link>http://rajphys.github.io/publication1/collective-dynamics-active-polymer/</link>
      <pubDate>Fri, 28 Sep 2018 00:00:00 +0000</pubDate>
      
      <guid>http://rajphys.github.io/publication1/collective-dynamics-active-polymer/</guid>
      <description>&lt;p&gt;#More detail can easily be written here using &lt;em&gt;Markdown&lt;/em&gt; and $\rm \LaTeX$ math code.&lt;/p&gt;
</description>
    </item>
    
    <item>
      <title>Emergent topological phenomena in active polymeric fluids</title>
      <link>http://rajphys.github.io/research/collective-dynamics-active-polymer/</link>
      <pubDate>Fri, 28 Sep 2018 00:00:00 +0000</pubDate>
      
      <guid>http://rajphys.github.io/research/collective-dynamics-active-polymer/</guid>
      <description>&lt;p&gt;#More detail can easily be written here using &lt;em&gt;Markdown&lt;/em&gt; and $\rm \LaTeX$ math code.&lt;/p&gt;
</description>
    </item>
    
    <item>
      <title>Linking Catalyst-Coated Isotropic Colloids into “Active” Flexible Chains Enhances Their Diffusivity</title>
      <link>http://rajphys.github.io/publication1/active_colloidal_chain/</link>
      <pubDate>Tue, 12 Sep 2017 00:00:00 +0000</pubDate>
      
      <guid>http://rajphys.github.io/publication1/active_colloidal_chain/</guid>
      <description>&lt;p&gt;#More detail can easily be written here using &lt;em&gt;Markdown&lt;/em&gt; and $\rm \LaTeX$ math code.&lt;/p&gt;
</description>
    </item>
    
    <item>
      <title>Linking Catalyst-Coated Isotropic Colloids into “Active” Flexible Chains Enhances Their Diffusivity</title>
      <link>http://rajphys.github.io/research/active_colloidal_chain/</link>
      <pubDate>Tue, 12 Sep 2017 00:00:00 +0000</pubDate>
      
      <guid>http://rajphys.github.io/research/active_colloidal_chain/</guid>
      <description>&lt;p&gt;#More detail can easily be written here using &lt;em&gt;Markdown&lt;/em&gt; and $\rm \LaTeX$ math code.&lt;/p&gt;
</description>
    </item>
    
    <item>
      <title>Colloidal transport by active filaments</title>
      <link>http://rajphys.github.io/publication1/colloidal_transport/</link>
      <pubDate>Wed, 28 Dec 2016 00:00:00 +0000</pubDate>
      
      <guid>http://rajphys.github.io/publication1/colloidal_transport/</guid>
      <description>&lt;p&gt;#More detail can easily be written here using &lt;em&gt;Markdown&lt;/em&gt; and $\rm \LaTeX$ math code.&lt;/p&gt;
</description>
    </item>
    
    <item>
      <title>Deep Learning</title>
      <link>http://rajphys.github.io/project/deep-learning/</link>
      <pubDate>Wed, 27 Apr 2016 00:00:00 +0000</pubDate>
      
      <guid>http://rajphys.github.io/project/deep-learning/</guid>
      <description>&lt;p&gt;Lorem ipsum dolor sit amet, consectetur adipiscing elit. Duis posuere tellus ac convallis placerat. Proin tincidunt magna sed ex sollicitudin condimentum. Sed ac faucibus dolor, scelerisque sollicitudin nisi. Cras purus urna, suscipit quis sapien eu, pulvinar tempor diam. Quisque risus orci, mollis id ante sit amet, gravida egestas nisl. Sed ac tempus magna. Proin in dui enim. Donec condimentum, sem id dapibus fringilla, tellus enim condimentum arcu, nec volutpat est felis vel metus. Vestibulum sit amet erat at nulla eleifend gravida.&lt;/p&gt;

&lt;p&gt;Nullam vel molestie justo. Curabitur vitae efficitur leo. In hac habitasse platea dictumst. Sed pulvinar mauris dui, eget varius purus congue ac. Nulla euismod, lorem vel elementum dapibus, nunc justo porta mi, sed tempus est est vel tellus. Nam et enim eleifend, laoreet sem sit amet, elementum sem. Morbi ut leo congue, maximus velit ut, finibus arcu. In et libero cursus, rutrum risus non, molestie leo. Nullam congue quam et volutpat malesuada. Sed risus tortor, pulvinar et dictum nec, sodales non mi. Phasellus lacinia commodo laoreet. Nam mollis, erat in feugiat consectetur, purus eros egestas tellus, in auctor urna odio at nibh. Mauris imperdiet nisi ac magna convallis, at rhoncus ligula cursus.&lt;/p&gt;

&lt;p&gt;Cras aliquam rhoncus ipsum, in hendrerit nunc mattis vitae. Duis vitae efficitur metus, ac tempus leo. Cras nec fringilla lacus. Quisque sit amet risus at ipsum pharetra commodo. Sed aliquam mauris at consequat eleifend. Praesent porta, augue sed viverra bibendum, neque ante euismod ante, in vehicula justo lorem ac eros. Suspendisse augue libero, venenatis eget tincidunt ut, malesuada at lorem. Donec vitae bibendum arcu. Aenean maximus nulla non pretium iaculis. Quisque imperdiet, nulla in pulvinar aliquet, velit quam ultrices quam, sit amet fringilla leo sem vel nunc. Mauris in lacinia lacus.&lt;/p&gt;

&lt;p&gt;Suspendisse a tincidunt lacus. Curabitur at urna sagittis, dictum ante sit amet, euismod magna. Sed rutrum massa id tortor commodo, vitae elementum turpis tempus. Lorem ipsum dolor sit amet, consectetur adipiscing elit. Aenean purus turpis, venenatis a ullamcorper nec, tincidunt et massa. Integer posuere quam rutrum arcu vehicula imperdiet. Mauris ullamcorper quam vitae purus congue, quis euismod magna eleifend. Vestibulum semper vel augue eget tincidunt. Fusce eget justo sodales, dapibus odio eu, ultrices lorem. Duis condimentum lorem id eros commodo, in facilisis mauris scelerisque. Morbi sed auctor leo. Nullam volutpat a lacus quis pharetra. Nulla congue rutrum magna a ornare.&lt;/p&gt;

&lt;p&gt;Aliquam in turpis accumsan, malesuada nibh ut, hendrerit justo. Cum sociis natoque penatibus et magnis dis parturient montes, nascetur ridiculus mus. Quisque sed erat nec justo posuere suscipit. Donec ut efficitur arcu, in malesuada neque. Nunc dignissim nisl massa, id vulputate nunc pretium nec. Quisque eget urna in risus suscipit ultricies. Pellentesque odio odio, tincidunt in eleifend sed, posuere a diam. Nam gravida nisl convallis semper elementum. Morbi vitae felis faucibus, vulputate orci placerat, aliquet nisi. Aliquam erat volutpat. Maecenas sagittis pulvinar purus, sed porta quam laoreet at.&lt;/p&gt;
</description>
    </item>
    
    <item>
      <title>External Project</title>
      <link>http://rajphys.github.io/project/example-external-project/</link>
      <pubDate>Wed, 27 Apr 2016 00:00:00 +0000</pubDate>
      
      <guid>http://rajphys.github.io/project/example-external-project/</guid>
      <description></description>
    </item>
    
    <item>
      <title>Dynamics of a polyelectrolyte in simple shear flow</title>
      <link>http://rajphys.github.io/publication1/pe_in_shear_flow/</link>
      <pubDate>Sun, 01 Sep 2013 00:00:00 +0000</pubDate>
      
      <guid>http://rajphys.github.io/publication1/pe_in_shear_flow/</guid>
      <description>&lt;p&gt;#More detail can easily be written here using &lt;em&gt;Markdown&lt;/em&gt; and $\rm \LaTeX$ math code.&lt;/p&gt;
</description>
    </item>
    
  </channel>
</rss>
