<?xml version="1.0" encoding="utf-8" standalone="yes" ?>
<rss version="2.0" xmlns:atom="http://www.w3.org/2005/Atom">
  <channel>
    <title>Publications on Raj Kumar Manna</title>
    <link>http://rajphys.github.io/publication1/index.xml</link>
    <description>Recent content in Publications on Raj Kumar Manna</description>
    <generator>Hugo -- gohugo.io</generator>
    <language>en-us</language>
    <lastBuildDate>Sun, 01 Jan 2017 00:00:00 +0000</lastBuildDate>
    <atom:link href="/publication1/index.xml" rel="self" type="application/rss+xml" />
    
    <item>
      <title>Chemical pumps and flexible sheets spontaneously form self-regulating oscillators in solution</title>
      <link>http://rajphys.github.io/publication1/self-oscillation-sheet/</link>
      <pubDate>Mon, 15 Mar 2021 00:00:00 +0000</pubDate>
      
      <guid>http://rajphys.github.io/publication1/self-oscillation-sheet/</guid>
      <description>&lt;p&gt;#More detail can easily be written here using &lt;em&gt;Markdown&lt;/em&gt; and $\rm \LaTeX$ math code.&lt;/p&gt;
</description>
    </item>
    
    <item>
      <title>Achieving Independent Control over Surface and Bulk Fluid Flows in Microchambers</title>
      <link>http://rajphys.github.io/publication1/independent-control-over-surface-and-bulk-fluid-flows/</link>
      <pubDate>Tue, 02 Feb 2021 00:00:00 +0000</pubDate>
      
      <guid>http://rajphys.github.io/publication1/independent-control-over-surface-and-bulk-fluid-flows/</guid>
      <description>&lt;p&gt;#More detail can easily be written here using &lt;em&gt;Markdown&lt;/em&gt; and $\rm \LaTeX$ math code.&lt;/p&gt;
</description>
    </item>
    
    <item>
      <title>Chemically controlled shape-morphing of elastic sheets</title>
      <link>http://rajphys.github.io/publication1/chemically-controlled-shape-morphing/</link>
      <pubDate>Fri, 26 Jun 2020 00:00:00 +0000</pubDate>
      
      <guid>http://rajphys.github.io/publication1/chemically-controlled-shape-morphing/</guid>
      <description>&lt;p&gt;#More detail can easily be written here using &lt;em&gt;Markdown&lt;/em&gt; and $\rm \LaTeX$ math code.&lt;/p&gt;
</description>
    </item>
    
    <item>
      <title>Modeling the biomimetic self-organization of active objects in fluids</title>
      <link>http://rajphys.github.io/publication1/modeling-biomimetic-self-organization/</link>
      <pubDate>Tue, 22 Oct 2019 00:00:00 +0000</pubDate>
      
      <guid>http://rajphys.github.io/publication1/modeling-biomimetic-self-organization/</guid>
      <description>&lt;p&gt;#More detail can easily be written here using &lt;em&gt;Markdown&lt;/em&gt; and $\rm \LaTeX$ math code.&lt;/p&gt;
</description>
    </item>
    
    <item>
      <title>Light-Induced Convective Segregation of Different Sized Microparticles</title>
      <link>http://rajphys.github.io/publication1/light-induced-convective-segregation/</link>
      <pubDate>Tue, 16 Apr 2019 00:00:00 +0000</pubDate>
      
      <guid>http://rajphys.github.io/publication1/light-induced-convective-segregation/</guid>
      <description>&lt;p&gt;#More detail can easily be written here using &lt;em&gt;Markdown&lt;/em&gt; and $\rm \LaTeX$ math code.&lt;/p&gt;
</description>
    </item>
    
    <item>
      <title>Emergent topological phenomena in active polymeric fluids</title>
      <link>http://rajphys.github.io/publication1/collective-dynamics-active-polymer/</link>
      <pubDate>Fri, 28 Sep 2018 00:00:00 +0000</pubDate>
      
      <guid>http://rajphys.github.io/publication1/collective-dynamics-active-polymer/</guid>
      <description>&lt;p&gt;#More detail can easily be written here using &lt;em&gt;Markdown&lt;/em&gt; and $\rm \LaTeX$ math code.&lt;/p&gt;
</description>
    </item>
    
    <item>
      <title>Linking Catalyst-Coated Isotropic Colloids into “Active” Flexible Chains Enhances Their Diffusivity</title>
      <link>http://rajphys.github.io/publication1/active_colloidal_chain/</link>
      <pubDate>Tue, 12 Sep 2017 00:00:00 +0000</pubDate>
      
      <guid>http://rajphys.github.io/publication1/active_colloidal_chain/</guid>
      <description>&lt;p&gt;#More detail can easily be written here using &lt;em&gt;Markdown&lt;/em&gt; and $\rm \LaTeX$ math code.&lt;/p&gt;
</description>
    </item>
    
    <item>
      <title>Colloidal transport by active filaments</title>
      <link>http://rajphys.github.io/publication1/colloidal_transport/</link>
      <pubDate>Wed, 28 Dec 2016 00:00:00 +0000</pubDate>
      
      <guid>http://rajphys.github.io/publication1/colloidal_transport/</guid>
      <description>&lt;p&gt;#More detail can easily be written here using &lt;em&gt;Markdown&lt;/em&gt; and $\rm \LaTeX$ math code.&lt;/p&gt;
</description>
    </item>
    
    <item>
      <title>Dynamics of a polyelectrolyte in simple shear flow</title>
      <link>http://rajphys.github.io/publication1/pe_in_shear_flow/</link>
      <pubDate>Sun, 01 Sep 2013 00:00:00 +0000</pubDate>
      
      <guid>http://rajphys.github.io/publication1/pe_in_shear_flow/</guid>
      <description>&lt;p&gt;#More detail can easily be written here using &lt;em&gt;Markdown&lt;/em&gt; and $\rm \LaTeX$ math code.&lt;/p&gt;
</description>
    </item>
    
    <item>
      <title>Excess energy of an ultracold Fermi gas in a trapped geometry</title>
      <link>http://rajphys.github.io/publication1/ultracold_fermi/</link>
      <pubDate>Sat, 01 Sep 2012 00:00:00 +0000</pubDate>
      
      <guid>http://rajphys.github.io/publication1/ultracold_fermi/</guid>
      <description>&lt;p&gt;#More detail can easily be written here using &lt;em&gt;Markdown&lt;/em&gt; and $\rm \LaTeX$ math code.&lt;/p&gt;
</description>
    </item>
    
  </channel>
</rss>
