<?xml version="1.0" encoding="utf-8" standalone="yes" ?>
<rss version="2.0" xmlns:atom="http://www.w3.org/2005/Atom">
  <channel>
    <title>Contact on Raj Kumar Manna</title>
    <link>http://rajphys.github.io/contact/index.xml</link>
    <description>Recent content in Contact on Raj Kumar Manna</description>
    <generator>Hugo -- gohugo.io</generator>
    <language>en-us</language>
    <lastBuildDate>Sun, 01 Jan 2017 00:00:00 +0000</lastBuildDate>
    <atom:link href="/contact/index.xml" rel="self" type="application/rss+xml" />
    
  </channel>
</rss>
