<?xml version="1.0" encoding="utf-8" standalone="yes" ?>
<rss version="2.0" xmlns:atom="http://www.w3.org/2005/Atom">
  <channel>
    <title>Demo on Raj Kumar Manna</title>
    <link>http://rajphys.github.io/tags/demo/index.xml</link>
    <description>Recent content in Demo on Raj Kumar Manna</description>
    <generator>Hugo -- gohugo.io</generator>
    <language>en-us</language>
    <atom:link href="/tags/demo/index.xml" rel="self" type="application/rss+xml" />
    
    <item>
      <title>External Project</title>
      <link>http://rajphys.github.io/project/example-external-project/</link>
      <pubDate>Wed, 27 Apr 2016 00:00:00 +0000</pubDate>
      
      <guid>http://rajphys.github.io/project/example-external-project/</guid>
      <description></description>
    </item>
    
  </channel>
</rss>
